date,de.x,a.x,ciudad,tipo,ligero,profundo,despierto,duracion_dormir,duracion_desp,snoring,tiempo_total
2018-11-05,2018-11-05T10:02:00Z,2018-11-05T10:21:00Z,Europe/Madrid,Walking,11460,17160,1500,360,0,0,28620
2018-11-05,2018-11-05T20:01:00Z,2018-11-05T20:21:00Z,Europe/Madrid,Walking,11460,17160,1500,360,0,0,28620
2018-11-05,2018-11-05T13:10:00Z,2018-11-05T13:30:00Z,Europe/Madrid,Walking,11460,17160,1500,360,0,0,28620
2018-11-05,2018-11-05T08:30:00Z,2018-11-05T09:15:00Z,Europe/Madrid,Swimming,11460,17160,1500,360,0,0,28620
2018-11-05,2018-11-05T17:29:00Z,2018-11-05T17:47:00Z,Europe/Madrid,Walking,11460,17160,1500,360,0,0,28620
2018-11-07,2018-11-07T12:46:00Z,2018-11-07T13:02:00Z,Europe/Madrid,Walking,13920,15420,1560,300,540,0,29340
2018-11-07,2018-11-07T15:23:00Z,2018-11-07T15:40:00Z,Europe/Madrid,Walking,13920,15420,1560,300,540,0,29340
2018-11-09,2018-11-09T17:07:00Z,2018-11-09T17:30:00Z,Europe/Madrid,Walking,13020,19740,1860,600,0,0,32760
2018-11-09,2018-11-09T16:20:00Z,2018-11-09T16:31:00Z,Europe/Madrid,Walking,13020,19740,1860,600,0,0,32760
2018-11-17,2018-11-17T10:52:00Z,2018-11-17T10:59:00Z,Europe/Madrid,Walking,17760,9420,1140,180,0,0,27180
2018-11-18,2018-11-18T14:15:00Z,2018-11-18T14:47:00Z,Europe/Madrid,Walking,11700,13920,3000,1020,420,0,25620
2018-11-18,2018-11-18T18:22:00Z,2018-11-18T18:34:00Z,Europe/Madrid,Walking,11700,13920,3000,1020,420,0,25620
2018-11-21,2018-11-21T17:44:00Z,2018-11-21T17:59:00Z,Europe/Madrid,Walking,11400,13320,1680,0,180,0,24720
2018-11-21,2018-11-21T19:42:00Z,2018-11-21T19:47:00Z,Europe/Madrid,Running,11400,13320,1680,0,180,0,24720
2018-11-21,2018-11-21T12:43:00Z,2018-11-21T12:54:00Z,Europe/Madrid,Walking,11400,13320,1680,0,180,0,24720
2018-11-21,2018-11-21T15:16:00Z,2018-11-21T15:33:00Z,Europe/Madrid,Walking,11400,13320,1680,0,180,0,24720
2018-11-21,2018-11-21T12:17:00Z,2018-11-21T12:24:00Z,Europe/Madrid,Running,11400,13320,1680,0,180,0,24720
2018-11-21,2018-11-21T08:20:00Z,2018-11-21T09:20:00Z,Europe/Madrid,Swimming,11400,13320,1680,0,180,0,24720
2018-11-21,2018-11-21T19:32:00Z,2018-11-21T19:41:00Z,Europe/Madrid,Walking,11400,13320,1680,0,180,0,24720
2018-11-22,2018-11-22T18:29:00Z,2018-11-22T18:42:00Z,Europe/Madrid,Walking,12720,19560,1860,0,0,0,32280
2018-11-22,2018-11-22T18:16:00Z,2018-11-22T18:21:00Z,Europe/Madrid,Walking,12720,19560,1860,0,0,0,32280
2018-11-22,2018-11-22T11:49:00Z,2018-11-22T11:53:00Z,Europe/Madrid,Walking,12720,19560,1860,0,0,0,32280
2018-11-22,2018-11-22T17:40:00Z,2018-11-22T18:00:00Z,Europe/Madrid,Walking,12720,19560,1860,0,0,0,32280
2018-11-26,2018-11-26T13:08:00Z,2018-11-26T13:27:00Z,Europe/Madrid,Walking,14820,12180,900,300,120,2,27000
2018-11-26,2018-11-26T08:30:00Z,2018-11-26T09:30:00Z,Europe/Madrid,Swimming,14820,12180,900,300,120,2,27000
2018-11-26,2018-11-26T20:04:00Z,2018-11-26T20:22:00Z,Europe/Madrid,Walking,14820,12180,900,300,120,2,27000
2018-11-26,2018-11-26T16:54:00Z,2018-11-26T17:10:00Z,Europe/Madrid,Walking,14820,12180,900,300,120,2,27000
2018-11-26,2018-11-26T10:21:00Z,2018-11-26T10:42:00Z,Europe/Madrid,Walking,14820,12180,900,300,120,2,27000
2018-11-27,2018-11-27T07:15:00Z,2018-11-27T08:15:00Z,Europe/Madrid,Pilates,11520,12600,1320,120,0,0,24120
2018-11-28,2018-11-28T20:08:00Z,2018-11-28T20:27:00Z,Europe/Madrid,Walking,16140,11520,840,420,420,0,27660
2018-11-28,2018-11-28T12:41:00Z,2018-11-28T12:48:00Z,Europe/Madrid,Walking,16140,11520,840,420,420,0,27660
2018-11-28,2018-11-28T17:55:00Z,2018-11-28T18:11:00Z,Europe/Madrid,Walking,16140,11520,840,420,420,0,27660
2018-11-28,2018-11-28T12:49:00Z,2018-11-28T12:53:00Z,Europe/Madrid,Running,16140,11520,840,420,420,0,27660
2018-11-28,2018-11-28T08:15:00Z,2018-11-28T09:15:00Z,Europe/Madrid,Swimming,16140,11520,840,420,420,0,27660
2018-11-28,2018-11-28T15:14:00Z,2018-11-28T15:34:00Z,Europe/Madrid,Walking,16140,11520,840,420,420,0,27660
2018-12-05,2018-12-05T12:29:00Z,2018-12-05T12:45:00Z,Europe/Madrid,Walking,16620,15300,2460,120,0,0,31920
2018-12-05,2018-12-05T19:56:00Z,2018-12-05T20:16:00Z,Europe/Madrid,Walking,16620,15300,2460,120,0,0,31920
2018-12-05,2018-12-05T15:08:00Z,2018-12-05T15:26:00Z,Europe/Madrid,Walking,16620,15300,2460,120,0,0,31920
2018-12-05,2018-12-05T17:51:00Z,2018-12-05T17:58:00Z,Europe/Madrid,Walking,16620,15300,2460,120,0,0,31920
2018-12-06,2018-12-06T16:24:00Z,2018-12-06T16:49:00Z,Europe/Madrid,Walking,18720,13800,1560,360,60,0,32520
2018-12-06,2018-12-06T19:10:00Z,2018-12-06T19:25:00Z,Europe/Madrid,Walking,18720,13800,1560,360,60,0,32520
2018-12-07,2018-12-07T07:42:00Z,2018-12-07T07:50:00Z,Europe/Madrid,Running,10260,23280,3960,420,180,1,33540
2019-02-18,2019-02-18T17:37:00Z,2019-02-18T17:54:00Z,Europe/Madrid,Walking,12180,15420,1320,300,600,0,27600
2019-02-18,2019-02-18T19:59:00Z,2019-02-18T20:18:00Z,Europe/Madrid,Walking,12180,15420,1320,300,600,0,27600
2019-02-19,2019-02-19T13:13:00Z,2019-02-19T13:29:00Z,Europe/Rome,Walking,4920,12060,900,180,180,0,16980
2019-02-21,2019-02-21T21:33:00Z,2019-02-21T21:45:00Z,Europe/Rome,Other,8400,13380,2100,300,1140,0,21780
2019-02-21,2019-02-21T08:30:00Z,2019-02-21T11:30:00Z,Europe/Rome,Ski,8400,13380,2100,300,1140,0,21780
2019-02-22,2019-02-22T08:00:00Z,2019-02-22T11:20:00Z,Europe/Rome,Ski,13680,10380,1380,420,0,2,24060
2019-02-23,2019-02-23T08:00:00Z,2019-02-23T12:20:00Z,Europe/Rome,Ski,12660,12180,1860,240,180,0,24840
2019-02-23,2019-02-23T08:00:00Z,2019-02-23T12:20:00Z,Europe/Rome,Ski,1800,3420,1080,180,300,0,5220
2019-02-25,2019-02-25T17:58:00Z,2019-02-25T18:10:00Z,Europe/Madrid,Walking,8820,18540,1920,360,420,0,27360
2019-02-25,2019-02-25T20:05:00Z,2019-02-25T20:18:00Z,Europe/Madrid,Walking,8820,18540,1920,360,420,0,27360
2019-02-26,2019-02-26T08:21:00Z,2019-02-26T08:25:00Z,Europe/Madrid,Running,10680,14580,3180,180,120,0,25260
2019-02-27,2019-02-27T16:54:00Z,2019-02-27T17:10:00Z,Europe/Madrid,Walking,15180,12900,2760,300,780,0,28080
2019-02-27,2019-02-27T20:06:00Z,2019-02-27T20:27:00Z,Europe/Madrid,Walking,15180,12900,2760,300,780,0,28080
2019-02-28,2019-02-28T18:16:00Z,2019-02-28T18:31:00Z,Europe/Madrid,Walking,13800,12420,1740,300,660,0,26220
2019-02-28,2019-02-28T17:08:00Z,2019-02-28T17:22:00Z,Europe/Madrid,Walking,13800,12420,1740,300,660,0,26220
2019-02-28,2019-02-28T15:01:00Z,2019-02-28T15:11:00Z,Europe/Madrid,Walking,13800,12420,1740,300,660,0,26220
2019-03-01,2019-03-01T13:47:00Z,2019-03-01T14:00:00Z,Europe/Madrid,Walking,15120,15780,2520,0,240,0,30900
2019-03-01,2019-03-01T07:34:00Z,2019-03-01T07:38:00Z,Europe/Madrid,Walking,15120,15780,2520,0,240,0,30900
2019-03-01,2019-03-01T11:59:00Z,2019-03-01T12:09:00Z,Europe/Madrid,Walking,15120,15780,2520,0,240,0,30900
2019-03-01,2019-03-01T19:01:00Z,2019-03-01T19:55:00Z,Europe/Madrid,Walking,15120,15780,2520,0,240,0,30900
2019-03-01,2019-03-01T07:28:00Z,2019-03-01T07:33:00Z,Europe/Madrid,Running,15120,15780,2520,0,240,0,30900
2019-03-01,2019-03-01T07:19:00Z,2019-03-01T07:27:00Z,Europe/Madrid,Walking,15120,15780,2520,0,240,0,30900
2019-03-02,2019-03-02T11:54:00Z,2019-03-02T12:15:00Z,Europe/Madrid,Walking,15120,16080,4080,0,0,1,31200
2019-03-02,2019-03-02T11:14:00Z,2019-03-02T11:37:00Z,Europe/Madrid,Walking,15120,16080,4080,0,0,1,31200
2019-03-02,2019-03-02T17:44:00Z,2019-03-02T17:54:00Z,Europe/Madrid,Walking,15120,16080,4080,0,0,1,31200
2019-03-02,2019-03-02T09:24:00Z,2019-03-02T09:30:00Z,Europe/Madrid,Walking,15120,16080,4080,0,0,1,31200
2019-03-02,2019-03-02T08:15:00Z,2019-03-02T09:15:00Z,Europe/Madrid,Pilates,15120,16080,4080,0,0,1,31200
2019-03-04,2019-03-04T13:32:00Z,2019-03-04T13:45:00Z,Europe/Madrid,Walking,11339,12001,180,180,0,0,23340
2019-03-04,2019-03-04T12:50:00Z,2019-03-04T13:02:00Z,Europe/Madrid,Walking,11339,12001,180,180,0,0,23340
2019-03-06,2019-03-06T20:11:00Z,2019-03-06T20:25:00Z,Europe/Madrid,Walking,10440,11880,4620,1200,0,0,22320
2019-03-06,2019-03-06T17:14:00Z,2019-03-06T17:26:00Z,Europe/Madrid,Walking,10440,11880,4620,1200,0,0,22320
2019-03-08,2019-03-08T18:14:00Z,2019-03-08T18:32:00Z,Europe/Madrid,Walking,11700,7560,2160,420,0,0,19260
2019-03-08,2019-03-08T18:14:00Z,2019-03-08T18:32:00Z,Europe/Madrid,Walking,17640,12840,1740,360,420,0,30480
2019-03-08,2019-03-08T19:22:00Z,2019-03-08T19:38:00Z,Europe/Madrid,Walking,11700,7560,2160,420,0,0,19260
2019-03-08,2019-03-08T19:22:00Z,2019-03-08T19:38:00Z,Europe/Madrid,Walking,17640,12840,1740,360,420,0,30480
2019-03-12,2019-03-12T13:09:00Z,2019-03-12T13:14:00Z,Europe/Madrid,Walking,9060,12000,1860,180,0,0,21060
2019-03-13,2019-03-13T13:45:00Z,2019-03-13T13:51:00Z,Europe/Madrid,Walking,13260,14700,240,180,60,0,27960
2019-03-14,2019-03-14T13:44:00Z,2019-03-14T13:49:00Z,Europe/Madrid,Walking,17520,13020,2280,0,180,0,30540
2019-03-14,2019-03-14T13:44:00Z,2019-03-14T13:50:00Z,Europe/Madrid,Walking,17520,13020,2280,0,180,0,30540
2019-03-14,2019-03-14T13:44:00Z,2019-03-14T13:48:00Z,Europe/Madrid,Walking,17520,13020,2280,0,180,0,30540
2019-03-14,2019-03-14T07:51:01Z,2019-03-14T07:55:00Z,Europe/Madrid,Walking,17520,13020,2280,0,180,0,30540
2019-03-16,2019-03-16T09:39:00Z,2019-03-16T09:47:00Z,Europe/Madrid,Walking,13860,15540,1380,300,120,0,29400
2019-03-17,2019-03-17T08:06:00Z,2019-03-17T08:11:00Z,Europe/Madrid,Running,13920,16980,1380,600,180,0,30900
2019-03-18,2019-03-18T19:59:00Z,2019-03-18T20:09:00Z,Europe/Madrid,Walking,8220,17400,300,0,300,0,25620
2019-03-18,2019-03-18T20:10:00Z,2019-03-18T20:15:00Z,Europe/Madrid,Running,8220,17400,300,0,300,0,25620
2019-03-18,2019-03-18T17:29:00Z,2019-03-18T17:46:00Z,Europe/Madrid,Walking,8220,17400,300,0,300,0,25620
2019-03-19,2019-03-19T08:21:00Z,2019-03-19T08:25:00Z,Europe/Madrid,Running,10980,15540,600,240,180,2,26520
2019-03-19,2019-03-19T08:26:00Z,2019-03-19T08:30:00Z,Europe/Madrid,Walking,10980,15540,600,240,180,2,26520
2019-03-19,2019-03-19T07:15:00Z,2019-03-19T08:15:00Z,Europe/Amsterdam,Pilates,10980,15540,600,240,180,2,26520
2019-03-20,2019-03-20T20:03:00Z,2019-03-20T20:25:00Z,Europe/Amsterdam,Walking,9480,15480,540,0,120,0,24960
2019-03-20,2019-03-20T17:55:00Z,2019-03-20T18:09:00Z,Europe/Amsterdam,Walking,9480,15480,540,0,120,0,24960
2019-03-21,2019-03-21T19:57:00Z,2019-03-21T20:08:00Z,Europe/Amsterdam,Walking,9960,13620,1380,240,120,0,23580
2019-03-21,2019-03-21T06:45:00Z,2019-03-21T07:45:00Z,Europe/Amsterdam,Pilates,9960,13620,1380,240,120,0,23580
2019-03-23,2019-03-23T08:35:00Z,2019-03-23T08:57:00Z,Europe/Amsterdam,Walking,14340,18780,1560,780,60,0,33120
2019-03-23,2019-03-23T08:35:00Z,2019-03-23T08:57:00Z,Europe/Amsterdam,Walking,12900,10860,1140,240,360,0,23760
2019-03-23,2019-03-23T08:23:00Z,2019-03-23T08:34:00Z,Europe/Amsterdam,Running,14340,18780,1560,780,60,0,33120
2019-03-23,2019-03-23T08:23:00Z,2019-03-23T08:34:00Z,Europe/Amsterdam,Running,12900,10860,1140,240,360,0,23760
2019-03-25,2019-03-25T20:08:00Z,2019-03-25T20:21:00Z,Europe/Madrid,Walking,11520,18600,1020,0,180,0,30120
2019-03-25,2019-03-25T17:40:00Z,2019-03-25T17:48:00Z,Europe/Madrid,Walking,11520,18600,1020,0,180,0,30120
2019-03-26,2019-03-26T18:06:00Z,2019-03-26T19:06:00Z,Europe/Madrid,Other,8640,20220,840,0,120,0,28860
2019-03-26,2019-03-26T18:00:00Z,2019-03-26T19:00:00Z,Europe/Madrid,Tennis,8640,20220,840,0,120,0,28860
2019-03-26,2019-03-26T17:40:00Z,2019-03-26T17:48:00Z,Europe/Madrid,Walking,8640,20220,840,0,120,0,28860
2019-03-26,2019-03-26T17:28:00Z,2019-03-26T17:34:00Z,Europe/Madrid,Walking,8640,20220,840,0,120,0,28860
2019-03-26,2019-03-26T07:04:00Z,2019-03-26T07:07:00Z,Europe/Madrid,Running,8640,20220,840,0,120,0,28860
2019-03-26,2019-03-26T07:08:00Z,2019-03-26T07:12:00Z,Europe/Madrid,Walking,8640,20220,840,0,120,0,28860
2019-03-27,2019-03-27T19:37:00Z,2019-03-27T20:05:00Z,Europe/Madrid,Walking,12780,14640,2460,360,240,0,27420
2019-03-28,2019-03-28T16:28:00Z,2019-03-28T16:33:00Z,Europe/Madrid,Walking,10621,15359,1380,0,0,0,25980
2019-03-29,2019-03-29T08:04:00Z,2019-03-29T08:21:00Z,Europe/Madrid,Walking,14100,17940,2580,540,60,0,32040
2019-03-29,2019-03-29T19:04:00Z,2019-03-29T19:55:00Z,Europe/Madrid,Tennis,14100,17940,2580,540,60,0,32040
2019-03-30,2019-03-30T17:41:00Z,2019-03-30T18:14:00Z,Europe/Madrid,Walking,12840,15840,1680,0,0,1,28680
2019-03-30,2019-03-30T09:25:00Z,2019-03-30T09:45:00Z,Europe/Madrid,Running,12840,15840,1680,0,0,1,28680
2019-03-30,2019-03-30T08:15:00Z,2019-03-30T09:15:00Z,Europe/Madrid,Pilates,12840,15840,1680,0,0,1,28680
2019-03-30,2019-03-30T19:34:00Z,2019-03-30T20:00:00Z,Europe/Madrid,Walking,12840,15840,1680,0,0,1,28680
2019-03-30,2019-03-30T09:25:00Z,2019-03-30T09:44:00Z,Europe/Madrid,Running,12840,15840,1680,0,0,1,28680
2019-03-31,2019-03-31T17:00:00Z,2019-03-31T18:00:00Z,Europe/Madrid,Tennis,15000,15600,1500,360,360,0,30600
2019-03-31,2019-03-31T19:40:00Z,2019-03-31T19:50:00Z,Europe/Madrid,Other,15000,15600,1500,360,360,0,30600
2019-04-01,2019-04-01T16:44:00Z,2019-04-01T17:05:00Z,Europe/Madrid,Walking,11460,13320,2460,360,0,0,24780
2019-04-01,2019-04-01T19:02:00Z,2019-04-01T19:19:00Z,Europe/Madrid,Walking,11460,13320,2460,360,0,0,24780
2019-04-02,2019-04-02T12:06:00Z,2019-04-02T12:19:00Z,Europe/Madrid,Walking,12900,13740,4440,0,120,0,26640
2019-04-02,2019-04-02T17:26:00Z,2019-04-02T17:36:00Z,Europe/Madrid,Walking,12900,13740,4440,0,120,0,26640
2019-04-02,2019-04-02T18:19:00Z,2019-04-02T18:41:00Z,Europe/Madrid,Walking,12900,13740,4440,0,120,0,26640
2019-04-02,2019-04-02T06:39:00Z,2019-04-02T06:51:00Z,Europe/Madrid,Walking,12900,13740,4440,0,120,0,26640
2019-04-03,2019-04-03T19:08:00Z,2019-04-03T19:21:00Z,Europe/Madrid,Walking,7380,14760,1860,360,120,0,22140
2019-04-03,2019-04-03T16:14:00Z,2019-04-03T16:29:00Z,Europe/Madrid,Walking,7380,14760,1860,360,120,0,22140
2019-04-05,2019-04-05T06:26:00Z,2019-04-05T06:41:00Z,Europe/Amsterdam,Walking,10680,13800,780,540,240,0,24480
2019-04-05,2019-04-05T06:49:00Z,2019-04-05T06:56:00Z,Europe/Amsterdam,Running,10680,13800,780,540,240,0,24480
2019-04-05,2019-04-05T06:06:00Z,2019-04-05T06:25:00Z,Europe/Amsterdam,Running,10680,13800,780,540,240,0,24480
2019-04-10,2019-04-10T16:35:00Z,2019-04-10T16:51:00Z,Europe/Madrid,Walking,16140,12360,1320,0,120,0,28500
2019-04-10,2019-04-10T19:08:00Z,2019-04-10T19:27:00Z,Europe/Madrid,Walking,16140,12360,1320,0,120,0,28500
2019-04-11,2019-04-11T15:35:00Z,2019-04-11T16:01:00Z,Europe/Madrid,Walking,12900,15060,1920,420,0,0,27960
2019-04-11,2019-04-11T13:02:00Z,2019-04-11T13:15:00Z,Europe/Madrid,Walking,12900,15060,1920,420,0,0,27960
2019-04-12,2019-04-12T10:32:00Z,2019-04-12T10:36:00Z,Europe/Madrid,Running,7980,17640,1200,540,480,0,25620
2019-04-13,2019-04-13T17:40:00Z,2019-04-13T18:02:00Z,Europe/Madrid,Walking,14160,18900,960,360,120,0,33060
2019-04-13,2019-04-13T13:38:00Z,2019-04-13T13:56:00Z,Europe/Madrid,Walking,14160,18900,960,360,120,0,33060
2019-04-13,2019-04-13T12:20:00Z,2019-04-13T12:31:00Z,Europe/Madrid,Walking,14160,18900,960,360,120,0,33060
2019-04-14,2019-04-14T18:44:00Z,2019-04-14T18:50:00Z,Europe/Madrid,Walking,14760,15240,1260,0,720,0,30000
2019-04-18,2019-04-18T08:09:00Z,2019-04-18T08:13:00Z,Europe/Amsterdam,Running,15599,20701,1800,540,540,0,36300
2019-04-18,2019-04-18T07:49:00Z,2019-04-18T08:02:00Z,Europe/Amsterdam,Walking,15599,20701,1800,540,540,0,36300
2019-04-18,2019-04-18T19:24:00Z,2019-04-18T19:49:00Z,Europe/Amsterdam,Walking,15599,20701,1800,540,540,0,36300
2019-04-18,2019-04-18T07:34:00Z,2019-04-18T07:48:00Z,Europe/Amsterdam,Running,15599,20701,1800,540,540,0,36300
2019-04-19,2019-04-19T08:31:00Z,2019-04-19T08:35:00Z,Europe/Amsterdam,Walking,8460,18840,1380,360,420,0,27300
2019-04-19,2019-04-19T08:16:00Z,2019-04-19T08:30:00Z,Europe/Amsterdam,Running,8460,18840,1380,360,420,0,27300
2019-04-19,2019-04-19T09:01:00Z,2019-04-19T09:06:00Z,Europe/Amsterdam,Running,8460,18840,1380,360,420,0,27300
2019-04-19,2019-04-19T08:43:00Z,2019-04-19T08:50:00Z,Europe/Amsterdam,Running,8460,18840,1380,360,420,0,27300
2019-04-19,2019-04-19T19:30:00Z,2019-04-19T19:50:00Z,Europe/Amsterdam,Cycling,8460,18840,1380,360,420,0,27300
2019-04-19,2019-04-19T08:51:00Z,2019-04-19T09:00:00Z,Europe/Amsterdam,Walking,8460,18840,1380,360,420,0,27300
2019-04-20,2019-04-20T07:35:00Z,2019-04-20T07:56:00Z,Europe/Amsterdam,Running,11220,15420,240,240,0,0,26640
2019-04-20,2019-04-20T08:04:00Z,2019-04-20T08:21:00Z,Europe/Amsterdam,Running,11220,15420,240,240,0,0,26640
2019-04-22,2019-04-22T17:10:00Z,2019-04-22T18:35:00Z,Europe/Madrid,Other,15180,16500,2340,480,180,0,31680
2019-04-23,2019-04-23T07:33:00Z,2019-04-23T07:48:45Z,Europe/Madrid,Running,9120,16620,1380,0,240,0,25740
2019-04-23,2019-04-23T06:15:00Z,2019-04-23T07:15:00Z,Europe/Madrid,Pilates,9120,16620,1380,0,240,0,25740
2019-04-23,2019-04-23T07:31:19Z,2019-04-23T07:32:48Z,Europe/Madrid,Running,9120,16620,1380,0,240,0,25740
2019-04-23,2019-04-23T07:20:00Z,2019-04-23T07:32:00Z,Europe/Madrid,Cycling,9120,16620,1380,0,240,0,25740
2019-04-24,2019-04-24T16:02:29Z,2019-04-24T16:12:49Z,Europe/Madrid,Running,11100,15420,1320,180,0,0,26520
2019-04-25,2019-04-25T08:52:00Z,2019-04-25T09:04:00Z,Europe/Madrid,Walking,12420,12120,1020,0,0,0,24540
2019-04-25,2019-04-25T18:37:00Z,2019-04-25T18:43:00Z,Europe/Madrid,Walking,12420,12120,1020,0,0,0,24540
2019-04-26,2019-04-26T07:26:00Z,2019-04-26T07:38:00Z,Europe/Madrid,Running,10620,18960,4320,360,780,0,29580
2019-04-27,2019-04-27T15:00:00Z,2019-04-27T15:16:00Z,Europe/Madrid,Walking,7260,20160,1080,480,0,0,27420
2019-04-27,2019-04-27T16:10:00Z,2019-04-27T16:26:00Z,Europe/Madrid,Walking,7260,20160,1080,480,0,0,27420
2019-04-27,2019-04-27T07:15:00Z,2019-04-27T08:15:00Z,Europe/Madrid,Pilates,7260,20160,1080,480,0,0,27420
2019-04-27,2019-04-27T08:38:19Z,2019-04-27T08:51:30Z,Europe/Madrid,Running,7260,20160,1080,480,0,0,27420
2019-05-07,2019-05-07T14:03:00Z,2019-05-07T14:11:00Z,Europe/Amsterdam,Walking,10319,10440,2461,361,0,0,20759
2019-05-07,2019-05-07T19:16:00Z,2019-05-07T19:36:00Z,Europe/Amsterdam,Walking,10319,10440,2461,361,0,0,20759
2019-05-13,2019-05-13T13:52:00Z,2019-05-13T13:56:00Z,Europe/Madrid,Walking,11100,16500,960,300,0,0,27600
2019-05-14,2019-05-14T07:21:00Z,2019-05-14T07:35:00Z,Europe/Madrid,Walking,14640,16380,3900,480,0,0,31020
2019-05-15,2019-05-15T07:48:00Z,2019-05-15T08:01:00Z,Europe/Amsterdam,Running,11220,14220,3360,120,0,0,25440
2019-05-15,2019-05-15T08:02:00Z,2019-05-15T08:15:00Z,Europe/Amsterdam,Walking,11220,14220,3360,120,0,0,25440
2019-05-17,2019-05-17T17:21:00Z,2019-05-17T17:32:00Z,Europe/Madrid,Walking,11640,15240,840,0,180,0,26880
2019-05-18,2019-05-18T10:42:00Z,2019-05-18T10:47:00Z,Europe/Amsterdam,Running,18720,16020,1020,0,60,0,34740
2019-05-18,2019-05-18T10:48:00Z,2019-05-18T11:00:00Z,Europe/Amsterdam,Walking,18720,16020,1020,0,60,0,34740
2019-05-19,2019-05-19T07:34:00Z,2019-05-19T07:45:00Z,Europe/Amsterdam,Running,9000,14580,2760,300,0,0,23580
2019-05-19,2019-05-19T07:46:00Z,2019-05-19T08:05:00Z,Europe/Amsterdam,Walking,9000,14580,2760,300,0,0,23580
2019-05-20,2019-05-20T07:43:00Z,2019-05-20T08:02:00Z,Europe/Amsterdam,Running,11100,16860,360,0,360,0,27960
2019-05-21,2019-05-21T08:00:00Z,2019-05-21T08:08:00Z,Europe/Amsterdam,Walking,11220,9600,420,360,60,0,20820
2019-05-22,2019-05-22T13:40:00Z,2019-05-22T14:03:00Z,Europe/Amsterdam,Walking,10739,15721,900,180,720,0,26460
2019-05-22,2019-05-22T07:20:00Z,2019-05-22T07:43:00Z,Europe/Amsterdam,Walking,10739,15721,900,180,720,0,26460
2019-05-24,2019-05-24T08:03:00Z,2019-05-24T08:13:00Z,Europe/Amsterdam,Running,15480,14760,1980,360,840,0,30240
2019-05-24,2019-05-24T22:15:00Z,2019-05-24T22:19:00Z,Europe/Amsterdam,Walking,15480,14760,1980,360,840,0,30240
2019-05-26,2019-05-26T08:33:00Z,2019-05-26T09:09:00Z,Europe/Amsterdam,Walking,12780,9360,360,360,0,0,22140
2019-06-07,2019-06-07T08:01:00Z,2019-06-07T09:15:00Z,Europe/Madrid,Other,13560,14040,1200,0,0,0,27600
2019-06-09,2019-06-09T16:50:00Z,2019-06-09T18:11:00Z,Europe/Madrid,Other,9420,11460,1080,0,0,0,20880
2019-06-09,2019-06-09T11:09:00Z,2019-06-09T11:54:00Z,Europe/Madrid,Other,9420,11460,1080,0,0,0,20880
2019-06-09,2019-06-09T12:24:00Z,2019-06-09T12:38:00Z,Europe/Madrid,Walking,9420,11460,1080,0,0,0,20880
2019-06-10,2019-06-10T14:48:00Z,2019-06-10T15:04:00Z,Europe/Madrid,Walking,14220,12360,1680,300,0,0,26580
2019-06-10,2019-06-10T14:12:00Z,2019-06-10T14:24:00Z,Europe/Madrid,Walking,14220,12360,1680,300,0,0,26580
2019-06-10,2019-06-10T13:49:00Z,2019-06-10T14:02:00Z,Europe/Madrid,Walking,14220,12360,1680,300,0,0,26580
2019-06-10,2019-06-10T06:32:00Z,2019-06-10T06:43:00Z,Europe/Madrid,Walking,14220,12360,1680,300,0,0,26580
2019-06-10,2019-06-10T17:34:00Z,2019-06-10T17:49:00Z,Europe/Madrid,Walking,14220,12360,1680,300,0,0,26580
2019-06-11,2019-06-11T16:53:00Z,2019-06-11T16:57:00Z,Europe/Madrid,Walking,12480,18540,2880,1620,660,0,31020
2019-06-12,2019-06-12T17:42:00Z,2019-06-12T18:01:00Z,Europe/Madrid,Other,12240,11220,2220,360,0,0,23460
2019-06-12,2019-06-12T12:53:00Z,2019-06-12T13:03:00Z,Europe/Madrid,Walking,12240,11220,2220,360,0,0,23460
2019-06-12,2019-06-12T13:53:00Z,2019-06-12T14:00:00Z,Europe/Madrid,Walking,12240,11220,2220,360,0,0,23460
2019-06-17,2019-06-17T16:46:00Z,2019-06-17T16:59:00Z,Europe/Madrid,Walking,18300,10200,1200,360,60,0,28500
2019-06-18,2019-06-18T13:07:00Z,2019-06-18T13:22:00Z,Europe/Madrid,Walking,8640,10500,840,360,480,0,19140
2019-06-19,2019-06-19T18:05:00Z,2019-06-19T19:07:00Z,Europe/Madrid,Tennis,11160,11880,3000,360,60,0,23040
2019-06-23,2019-06-23T10:24:00Z,2019-06-23T11:13:00Z,Europe/Madrid,Other,11760,9780,1080,60,0,0,21540
2019-06-28,2019-06-28T06:20:00Z,2019-06-28T06:30:00Z,Europe/Madrid,Walking,6000,4380,0,0,0,0,10380
2019-07-17,2019-07-17T18:30:00Z,2019-07-17T18:44:00Z,Europe/Amsterdam,Walking,9540,11460,1980,360,0,0,21000
2019-07-17,2019-07-17T19:14:00Z,2019-07-17T19:27:00Z,Europe/Amsterdam,Walking,9540,11460,1980,360,0,0,21000
2019-07-17,2019-07-17T19:59:00Z,2019-07-17T20:21:00Z,Europe/Amsterdam,Walking,9540,11460,1980,360,0,0,21000
2019-07-17,2019-07-17T18:16:00Z,2019-07-17T18:24:00Z,Europe/Amsterdam,Walking,9540,11460,1980,360,0,0,21000
2019-07-18,2019-07-18T06:11:00Z,2019-07-18T06:15:00Z,Europe/Amsterdam,Walking,10320,13740,2940,480,240,0,24060
2019-07-21,2019-07-21T09:02:00Z,2019-07-21T09:19:00Z,Europe/Amsterdam,Running,12419,13980,4381,781,0,0,26399
2019-07-21,2019-07-21T09:02:00Z,2019-07-21T09:19:00Z,Europe/Amsterdam,Running,10679,4080,181,61,120,0,14759
2019-07-23,2019-07-23T08:38:00Z,2019-07-23T08:56:00Z,Europe/Amsterdam,Running,13800,14220,1080,840,240,0,28020
2019-07-24,2019-07-24T18:37:00Z,2019-07-24T18:55:00Z,Europe/Amsterdam,Walking,12480,11220,2220,360,0,0,23700
2019-07-24,2019-07-24T07:43:00Z,2019-07-24T07:55:00Z,Europe/Amsterdam,Walking,12480,11220,2220,360,0,0,23700
2019-07-26,2019-07-26T10:41:00Z,2019-07-26T10:53:00Z,Europe/Amsterdam,Walking,14700,14460,1620,60,0,0,29160
2019-07-26,2019-07-26T10:54:00Z,2019-07-26T11:01:00Z,Europe/Amsterdam,Running,14700,14460,1620,60,0,0,29160
2019-07-26,2019-07-26T12:00:00Z,2019-07-26T12:40:00Z,Europe/Amsterdam,Cycling,14700,14460,1620,60,0,0,29160
2019-08-10,2019-08-10T19:38:00Z,2019-08-10T19:55:00Z,Europe/Madrid,Walking,9840,15420,2220,360,0,0,25260
2019-08-10,2019-08-10T20:28:00Z,2019-08-10T20:45:00Z,Europe/Madrid,Walking,9840,15420,2220,360,0,0,25260
2019-08-12,2019-08-12T15:40:06Z,2019-08-12T15:58:14Z,Europe/Madrid,Swimming,15420,11340,960,180,0,0,26760
2019-08-13,2019-08-13T16:13:16Z,2019-08-13T16:26:35Z,Europe/Madrid,Swimming,17640,15360,1200,300,240,0,33000
2019-08-15,2019-08-15T19:41:00Z,2019-08-15T19:58:00Z,Europe/Amsterdam,Walking,11880,15720,1320,0,240,0,27600
2019-08-19,2019-08-19T10:24:00Z,2019-08-19T10:33:00Z,Europe/Amsterdam,Walking,15540,10560,960,0,0,0,26100
2019-08-19,2019-08-19T13:52:00Z,2019-08-19T14:19:00Z,Europe/Amsterdam,Walking,15540,10560,960,0,0,0,26100
2019-08-20,2019-08-20T19:43:00Z,2019-08-20T19:48:00Z,Europe/Amsterdam,Walking,12420,13080,1740,300,300,0,25500
2019-08-21,2019-08-21T14:16:00Z,2019-08-21T14:24:00Z,Europe/Amsterdam,Walking,9900,9660,120,0,120,0,19560
2019-08-21,2019-08-21T15:02:00Z,2019-08-21T15:13:00Z,Europe/Amsterdam,Walking,9900,9660,120,0,120,0,19560
2019-08-22,2019-08-22T09:21:00Z,2019-08-22T09:38:00Z,Europe/Amsterdam,Walking,15240,12780,4200,0,0,0,28020
2019-08-22,2019-08-22T14:25:00Z,2019-08-22T14:44:00Z,Europe/Amsterdam,Walking,15240,12780,4200,0,0,0,28020
2019-08-23,2019-08-23T19:29:00Z,2019-08-23T19:49:00Z,Europe/Amsterdam,Walking,9780,12300,1860,360,0,0,22080
2019-08-26,2019-08-26T09:22:00Z,2019-08-26T09:54:00Z,Europe/Amsterdam,Walking,17220,11460,2760,0,180,0,28680
2019-08-26,2019-08-26T13:15:00Z,2019-08-26T13:31:00Z,Europe/Amsterdam,Walking,17220,11460,2760,0,180,0,28680
2019-08-29,2019-08-29T20:36:00Z,2019-08-29T21:06:00Z,Europe/Amsterdam,Walking,17399,7740,2101,360,300,0,25139
2019-08-30,2019-08-30T07:23:00Z,2019-08-30T07:27:00Z,Europe/Amsterdam,Walking,13380,10920,1740,360,0,0,24300
2019-08-30,2019-08-30T07:28:00Z,2019-08-30T07:43:00Z,Europe/Amsterdam,Running,13380,10920,1740,360,0,0,24300
2019-08-30,2019-08-30T08:52:00Z,2019-08-30T09:14:00Z,Europe/Amsterdam,Walking,13380,10920,1740,360,0,0,24300
2019-08-30,2019-08-30T13:16:00Z,2019-08-30T13:21:00Z,Europe/Amsterdam,Walking,13380,10920,1740,360,0,0,24300
2019-08-30,2019-08-30T13:27:00Z,2019-08-30T13:31:00Z,Europe/Amsterdam,Walking,13380,10920,1740,360,0,0,24300
2019-08-30,2019-08-30T13:45:00Z,2019-08-30T14:12:00Z,Europe/Amsterdam,Walking,13380,10920,1740,360,0,0,24300
2019-09-01,2019-09-01T09:09:00Z,2019-09-01T09:14:00Z,Europe/Amsterdam,Walking,12660,10020,1020,0,540,0,22680
2019-09-01,2019-09-01T09:15:00Z,2019-09-01T09:19:00Z,Europe/Amsterdam,Running,12660,10020,1020,0,540,0,22680
2019-09-02,2019-09-02T08:04:00Z,2019-09-02T08:23:00Z,Europe/Amsterdam,Running,12000,13560,660,0,660,0,25560
2019-09-03,2019-09-03T09:22:00Z,2019-09-03T09:38:00Z,Europe/Amsterdam,Walking,14520,12000,1320,0,360,0,26520
2019-09-03,2019-09-03T14:06:00Z,2019-09-03T14:10:00Z,Europe/Amsterdam,Walking,14520,12000,1320,0,360,0,26520
2019-09-04,2019-09-04T18:14:00Z,2019-09-04T18:21:00Z,Europe/Amsterdam,Walking,9840,15180,960,0,180,0,25020
2019-09-16,2019-09-16T10:50:00Z,2019-09-16T10:57:00Z,Europe/Madrid,Walking,15780,13800,3840,0,120,0,29580
2019-09-16,2019-09-16T10:50:00Z,2019-09-16T10:57:00Z,Europe/Madrid,Walking,10440,8040,1680,360,60,0,18480
2019-09-16,2019-09-16T17:41:00Z,2019-09-16T17:59:00Z,Europe/Madrid,Walking,15780,13800,3840,0,120,0,29580
2019-09-16,2019-09-16T17:41:00Z,2019-09-16T17:59:00Z,Europe/Madrid,Walking,10440,8040,1680,360,60,0,18480
2019-09-16,2019-09-16T18:59:00Z,2019-09-16T19:16:00Z,Europe/Madrid,Walking,15780,13800,3840,0,120,0,29580
2019-09-16,2019-09-16T18:59:00Z,2019-09-16T19:16:00Z,Europe/Madrid,Walking,10440,8040,1680,360,60,0,18480
2019-09-17,2019-09-17T08:00:00Z,2019-09-17T08:10:00Z,Europe/Madrid,Other,13980,15540,420,360,60,0,29520
2019-09-17,2019-09-17T08:00:00Z,2019-09-17T08:10:00Z,Europe/Madrid,Other,13980,15540,420,360,60,0,29520
2019-09-17,2019-09-17T09:15:00Z,2019-09-17T09:22:00Z,Europe/Madrid,Running,13980,15540,420,360,60,0,29520
2019-09-17,2019-09-17T09:29:00Z,2019-09-17T09:34:00Z,Europe/Madrid,Running,13980,15540,420,360,60,0,29520
2019-09-17,2019-09-17T12:12:00Z,2019-09-17T12:20:00Z,Europe/Madrid,Walking,13980,15540,420,360,60,0,29520
2019-09-17,2019-09-17T14:53:00Z,2019-09-17T15:02:00Z,Europe/Madrid,Walking,13980,15540,420,360,60,0,29520
2019-09-18,2019-09-18T09:00:00Z,2019-09-18T09:10:00Z,Europe/Madrid,Walking,9901,12479,4080,2580,0,0,22380
2019-09-18,2019-09-18T11:55:00Z,2019-09-18T12:06:00Z,Europe/Madrid,Walking,9901,12479,4080,2580,0,0,22380
2019-09-18,2019-09-18T13:46:00Z,2019-09-18T13:51:00Z,Europe/Madrid,Walking,9901,12479,4080,2580,0,0,22380
2019-09-18,2019-09-18T17:29:00Z,2019-09-18T17:47:00Z,Europe/Madrid,Walking,9901,12479,4080,2580,0,0,22380
2019-09-20,2019-09-20T07:00:00Z,2019-09-20T07:20:00Z,Europe/Amsterdam,Pilates,19260,16500,3900,360,300,0,35760
2019-09-20,2019-09-20T08:30:00Z,2019-09-20T08:45:00Z,Europe/Amsterdam,Cycling,19260,16500,3900,360,300,0,35760
2019-09-20,2019-09-20T09:52:00Z,2019-09-20T10:21:00Z,Europe/Amsterdam,Walking,19260,16500,3900,360,300,0,35760
2019-09-20,2019-09-20T13:56:00Z,2019-09-20T14:29:00Z,Europe/Amsterdam,Walking,19260,16500,3900,360,300,0,35760
2019-09-20,2019-09-20T15:00:00Z,2019-09-20T15:20:00Z,Europe/Amsterdam,Cycling,19260,16500,3900,360,300,0,35760
2019-09-21,2019-09-21T09:38:00Z,2019-09-21T09:56:00Z,Europe/Madrid,Running,12300,9420,1440,360,0,0,21720
2019-09-21,2019-09-21T09:57:00Z,2019-09-21T10:06:00Z,Europe/Madrid,Walking,12300,9420,1440,360,0,0,21720
2019-09-21,2019-09-21T14:56:00Z,2019-09-21T15:00:00Z,Europe/Madrid,Walking,12300,9420,1440,360,0,0,21720
2019-09-23,2019-09-23T13:37:00Z,2019-09-23T13:49:00Z,Europe/Madrid,Walking,14640,15600,2160,660,0,0,30240
2019-09-25,2019-09-25T08:55:00Z,2019-09-25T09:08:00Z,Europe/Amsterdam,Walking,14640,12000,2160,1740,420,0,26640
2019-09-25,2019-09-25T18:58:00Z,2019-09-25T19:11:00Z,Europe/Amsterdam,Walking,14640,12000,2160,1740,420,0,26640
2019-09-28,2019-09-28T08:15:00Z,2019-09-28T08:32:00Z,Europe/Amsterdam,Running,17160,8220,720,120,0,0,25380
2019-09-28,2019-09-28T08:33:00Z,2019-09-28T08:42:00Z,Europe/Amsterdam,Walking,17160,8220,720,120,0,0,25380
